calinski_harabasz,cluster_0_fraction,cluster_1_fraction,cluster_2_fraction,confidence_mean,confident_fraction_080,confident_fraction_095,davies_bouldin,edge_accuracy,edge_balanced_accuracy,edge_latency_us_per_frame,edge_macro_f1,edge_parameter_count,extreme_separation_std,feature_count,feature_set,fit_seconds,fold,model,protocol,raw_mean_run_length,raw_median_run_length,raw_short_run_frame_fraction,raw_switches,raw_switches_per_1000,seed,silhouette,switch_reduction_fraction,task_id,temporal_mean_run_length,temporal_median_run_length,temporal_short_run_frame_fraction,temporal_switches,temporal_switches_per_1000,test_frames,thermal_mean_nominal,thermal_mean_over,thermal_mean_under,thermal_monotonic,train_frames
1857.490475145999,0.4189046046482647,0.3245685089413671,0.25652688641036825,0.990004547257147,0.9799364446382952,0.9563212661224998,2.381304416753811,,,,,,1.335457318388944,26,physical_temporal,1.7579131369711831,0,anchored_gmm,cross_validation,10.814690026954178,7.0,0.02592061810704717,1055,67.5416133162612,42,0.2394741258028007,0.32890995260663514,cv__physical_temporal__anchored_gmm__fold0__seed42,14.115215479331574,10.0,0.005794753567200449,708,45.32650448143406,16049,0.7980183571886689,1.2567389148839005,-2.6087183382674226,True,64196
1840.3933344417978,0.4189669138264066,0.3245685089413671,0.2564645772322263,0.9899876099924879,0.980123372172721,0.9563212661224998,2.3567636505149356,,,,,,1.3355445990284835,26,physical_temporal,2.269291523960419,0,anchored_gmm,cross_validation,10.814690026954178,7.0,0.02592061810704717,1055,67.5416133162612,43,0.23551181346747563,0.32890995260663514,cv__physical_temporal__anchored_gmm__fold0__seed43,14.115215479331574,10.0,0.005794753567200449,708,45.32650448143406,16049,0.7980183571886689,1.2572522134514437,-2.60845767194542,True,64196
1880.3826084408165,0.4149791264253225,0.33185868278397407,0.25316219079070346,0.9896367620439206,0.9786902610754564,0.9568820487257773,2.339969199654312,,,,,,1.316649179056849,26,physical_temporal,1.3245703160064295,0,anchored_gmm,cross_validation,11.342049469964664,7.0,0.023116705090659856,986,63.124199743918055,44,0.23866272944416075,0.31034482758620685,cv__physical_temporal__anchored_gmm__fold0__seed44,14.471596032461678,10.0,0.0067917004174714935,680,43.53393085787452,16049,0.8483870591958995,1.180203764030669,-2.6308136671971556,True,64196
1358.883261655153,0.21353355349242945,0.2837559972583962,0.5027104492491744,0.9904490492922101,0.9811203190229921,0.9601221259891582,2.2468408613505817,,,,,,1.384546254993345,26,physical_temporal,0.9605600530048832,1,anchored_gmm,cross_validation,11.053030303030303,6.0,0.029534550439279706,1023,65.49295774647888,42,0.20879230810286514,0.3753665689149561,cv__physical_temporal__anchored_gmm__fold1__seed42,15.027153558052435,10.0,0.007975574802168359,639,40.90909090909091,16049,0.7628828242800909,1.4174717294950607,-2.1327107907418017,True,64196
2113.915275411715,0.20711570814380958,0.480216835939934,0.31266745591625644,0.98403063361493,0.967661536544333,0.9302137204810269,1.705731659250641,,,,,,2.4706303544732093,26,physical_temporal,0.5152740780031309,1,anchored_gmm,cross_validation,7.595362044486512,3.0,0.06935011527197957,1684,107.81049935979513,43,0.18187704857327666,0.24287410926365793,cv__physical_temporal__anchored_gmm__fold1__seed43,9.418427230046948,4.0,0.043117951274222695,1275,81.62612035851473,16049,0.20722725702505962,3.244087944162924,-3.0909757395415633,True,64196
1412.4601416418657,0.2125366066421584,0.28500218082123496,0.5024612125366067,0.9903998236066424,0.9811203190229921,0.9598728892765904,2.2442218714215474,,,,,,1.3840793306341075,26,physical_temporal,1.5456946780905128,1,anchored_gmm,cross_validation,11.0,6.0,0.029472241261137764,1030,65.94110115236876,44,0.21445189519366528,0.3805825242718447,cv__physical_temporal__anchored_gmm__fold1__seed44,15.041237113402062,10.0,0.007975574802168359,638,40.84507042253521,16049,0.7703490247869782,1.4103305173691738,-2.1386547393653252,True,64196
1693.7198037955518,0.3625147984298087,0.28032899246058945,0.35715620910960183,0.9889633866212203,0.9782540968284629,0.9529565705028351,2.251879738085513,,,,,,1.3654915159284295,26,physical_temporal,1.631159918033518,2,anchored_gmm,cross_validation,10.307642903018625,6.0,0.029472241261137764,1128,72.21510883482715,42,0.24066935527378958,0.34397163120567376,cv__physical_temporal__anchored_gmm__fold2__seed42,13.728828058169375,8.0,0.005794753567200449,740,47.37516005121639,16049,0.1450252258595217,1.0972090112562334,-2.396127801550244,True,64196
1698.7181632671156,0.3620786341828151,0.2810767025982927,0.35684466321889213,0.9889533682519118,0.978004860115895,0.9525204062558414,2.2162834318604268,,,,,,1.3650611815458866,26,physical_temporal,2.7515139220049605,2,anchored_gmm,cross_validation,10.360877985797288,6.0,0.02853760358900866,1120,71.70294494238156,43,0.23701002685230724,0.3375,cv__physical_temporal__anchored_gmm__fold2__seed43,13.705380017079419,8.0,0.005794753567200449,742,47.50320102432779,16049,0.15069743143364953,1.093307820118145,-2.3989280682791967,True,64196
1728.7567094457515,0.3567200448626083,0.2889276590441772,0.35435229609321456,0.9888361899923974,0.9773194591563338,0.9526450246121254,2.242777877987066,,,,,,1.3546187825602403,26,physical_temporal,1.0841588180046529,2,anchored_gmm,cross_validation,10.414665801427644,6.0,0.0285999127671506,1112,71.19078104993598,44,0.23942360585902736,0.36420863309352525,cv__physical_temporal__anchored_gmm__fold2__seed44,14.127640845070422,9.0,0.005857062745342389,707,45.26248399487836,16049,0.224538425411137,1.0339925178406548,-2.431528582244166,True,64196
2406.5397174777518,0.1777680852389557,0.41622530998816126,0.40600660477288303,0.9832670825722212,0.9674122998317652,0.9289052277400461,1.6397424894453871,,,,,,2.39120864922847,26,physical_temporal,0.8442842629738152,3,anchored_gmm,cross_validation,7.331658291457287,3.0,0.07701414418343822,1760,112.67605633802818,42,0.20272591189836384,0.2318181818181818,cv__physical_temporal__anchored_gmm__fold3__seed42,9.011229646266143,4.0,0.0485388497725715,1352,86.55569782330346,16049,0.12318131408447115,3.4782892619893873,-3.2135833977165658,True,64196
1383.778032891692,0.1989532058072154,0.282883668764409,0.5181631254283756,0.9891538831754088,0.979188734500592,0.9542027540656739,2.227551137288463,,,,,,1.3763615534446274,26,physical_temporal,1.6826294140191749,3,anchored_gmm,cross_validation,11.439059158945117,6.0,0.026730637422892393,974,62.35595390524968,43,0.21464727909541265,0.36755646817248466,cv__physical_temporal__anchored_gmm__fold3__seed43,15.357894736842105,10.0,0.006916318773755374,616,39.436619718309856,16049,1.4129555313242894,1.7554072048327807,-2.0963839185969078,True,64196
2128.995848923457,0.0995700666708206,0.36257710760795064,0.5378528257212287,0.9909686963964381,0.983238831079818,0.9601844351673001,1.441920531992458,,,,,,2.393023891901564,26,physical_temporal,1.5133913040626794,3,anchored_gmm,cross_validation,9.955955334987593,5.0,0.04860115895071344,1183,75.73623559539053,44,0.1921465422424443,0.22316145393068465,cv__physical_temporal__anchored_gmm__fold3__seed44,11.905786350148368,9.0,0.031341516605395976,919,58.8348271446863,16049,-0.3568816073358621,2.648822582677434,-4.048130090777519,True,64196
2193.2000446630245,0.3309863542899869,0.44251978316406004,0.22649386254595302,0.9827493274734864,0.9635491307869649,0.9263505514362266,1.6974459501805859,,,,,,2.403100433318592,26,physical_temporal,0.7308008840773255,4,anchored_gmm,cross_validation,6.980861244019139,3.0,0.07065860801296031,1870,119.71830985915493,42,0.19362949196428303,0.20320855614973254,cv__physical_temporal__anchored_gmm__fold4__seed42,8.363210005211048,4.0,0.04610879182503583,1490,95.39052496798976,16049,-0.15506657729260287,2.968384632804879,-3.0542279075419625,True,64196
1729.279553840437,0.38282759050408127,0.2726649635491308,0.34450744594678795,0.9900732766883661,0.9799364446382952,0.9586267057137516,2.207288893859845,,,,,,1.3665446126266398,26,physical_temporal,1.9260783159406856,4,anchored_gmm,cross_validation,10.858592692828147,6.0,0.02835067605458284,1049,67.15749039692702,43,0.2524720704367912,0.3555767397521449,cv__physical_temporal__anchored_gmm__fold4__seed43,14.523981900452489,9.0,0.007477101377032837,676,43.27784891165173,16049,0.3339507728700194,1.1175719090910443,-2.3072407233061227,True,64196
2215.9336701781,0.3306124992211353,0.4427690198766278,0.2266184809022369,0.9827267468346899,0.9637360583213908,0.9267867156832201,1.7034182380453695,,,,,,2.4032301768878943,26,physical_temporal,0.7808645479381084,4,anchored_gmm,cross_validation,6.980861244019139,3.0,0.07084553554738612,1870,119.71830985915493,44,0.1933974891810335,0.20320855614973254,cv__physical_temporal__anchored_gmm__fold4__seed44,8.363210005211048,4.0,0.04610879182503583,1490,95.39052496798976,16049,-0.15675987647374184,2.9672794130137192,-3.0556582886275385,True,64196
13184.910732064382,0.2711695432737242,0.44096205371051156,0.2878684030157642,0.9814415104258748,0.9628637298274035,0.9234220200635553,0.7030333773562963,,,,,,2.4094688724399185,10,appearance,0.4148799190297723,,anchored_gmm,holdout,6.832269050659855,3.0,0.09682846283257524,1920,122.91933418693982,42,0.4550118939517834,0.2510416666666666,holdout__appearance__anchored_gmm__seed42,8.596143545795394,4.0,0.06579849211788896,1438,92.06145966709347,16049,0.06264223674179835,3.034936523589873,-3.006941947201463,True,64196
13078.401667567496,0.27104492491744037,0.4408374353542277,0.288117639728332,0.9814392438799129,0.9627391114711197,0.9235466384198392,0.7053444615872166,,,,,,2.4092835017012355,10,appearance,0.5289095420157537,,anchored_gmm,holdout,6.826456826882178,3.0,0.097077699545143,1922,123.04737516005122,43,0.45520974070878173,0.25182101977107174,holdout__appearance__anchored_gmm__seed43,8.596143545795394,4.0,0.06573618293974702,1438,92.06145966709347,16049,0.06109270662530616,3.033923884887434,-3.007489758369513,True,64196
13417.702713654107,0.2834444513676865,0.4444513676864602,0.2721041809458533,0.9820133534576776,0.9637360583213908,0.9232350925291295,0.6961413630157945,,,,,,2.4169958549794988,10,appearance,0.40351220907177776,,anchored_gmm,holdout,6.873233404710921,3.0,0.09682846283257524,1906,122.02304737516005,44,0.45978321574772907,0.24973767051416573,holdout__appearance__anchored_gmm__seed44,8.633136094674557,4.0,0.06530001869275344,1430,91.54929577464789,16049,0.16003025680240882,3.1188182109835014,-2.941934591108019,True,64196
13180.506200645652,0.2848775624649511,0.44600909714000875,0.2691133403950402,0.9820824323472711,0.9642345317465263,0.9224250732132843,0.7005490102896044,,,,,,2.4211510015287394,10,appearance,1.1163359570782632,,gmm,holdout,6.882075471698113,3.0,0.09470995077574927,1903,121.83098591549296,42,0.4559395892881612,0.24855491329479773,holdout__appearance__gmm__seed42,8.633136094674557,4.0,0.06467692691133405,1430,91.54929577464789,16049,0.17525315098754182,3.135918470606989,-2.9352535947362766,True,64196
13122.437228400999,0.2848775624649511,0.44600909714000875,0.2691133403950402,0.9820827116381919,0.9642345317465263,0.9224250732132843,0.7010414227862137,,,,,,2.4211510015287394,10,appearance,1.540394325973466,,gmm,holdout,6.882075471698113,3.0,0.09470995077574927,1903,121.83098591549296,43,0.4579589388076547,0.24855491329479773,holdout__appearance__gmm__seed43,8.633136094674557,4.0,0.06467692691133405,1430,91.54929577464789,16049,0.17525315098754182,3.135918470606989,-2.9352535947362766,True,64196
13425.481172734964,0.2848775624649511,0.44600909714000875,0.2691133403950402,0.9820827116381919,0.9642345317465263,0.9224250732132843,0.6954517802646972,,,,,,2.4211510015287394,10,appearance,1.3706325329840183,,gmm,holdout,6.882075471698113,3.0,0.09470995077574927,1903,121.83098591549296,44,0.4602378501607343,0.24855491329479773,holdout__appearance__gmm__seed44,8.633136094674557,4.0,0.06467692691133405,1430,91.54929577464789,16049,0.17525315098754182,3.135918470606989,-2.9352535947362766,True,64196
13134.739611800642,0.2773381519097763,0.485388497725715,0.2372733503645087,0.8934767777008512,0.7860925914387189,0.5450806903856938,0.6850516422658778,,,,,,2.516737965922184,10,appearance,1.3662769669899717,,kmeans,holdout,7.073159982371089,3.0,0.08847903296155524,1840,117.797695262484,42,0.45961705795413094,0.366304347826087,holdout__appearance__kmeans__seed42,10.062068965517241,4.0,0.05034581593868777,1166,74.64788732394366,16049,0.2468451192357549,3.3351781865214507,-2.97568355851136,True,64196
13107.77574717119,0.2795189731447442,0.48470309676615364,0.2357779300891021,0.8933041247895344,0.7863418281512867,0.5453922362764035,0.6851950533557899,,,,,,2.5155859566318037,10,appearance,1.3756444898899645,,kmeans,holdout,7.113918439716312,3.0,0.0873574677550003,1827,116.96542893725993,43,0.4625098572713805,0.36234263820470725,holdout__appearance__kmeans__seed43,10.068381430363864,4.0,0.050034270047978065,1165,74.58386683738796,16049,0.26006696237564236,3.3437751570012604,-2.9641978600594596,True,64196
13411.656435167157,0.2788335721851829,0.4852015701912892,0.23596485762352795,0.893401931932298,0.7862795189731447,0.545953018879681,0.6804488862859092,,,,,,2.5165252607957584,10,appearance,0.987919456907548,,kmeans,holdout,7.098186643078284,3.0,0.0873574677550003,1832,117.28553137003841,44,0.4642984234911319,0.3635371179039302,holdout__appearance__kmeans__seed44,10.062068965517241,4.0,0.05022119758240389,1166,74.64788732394366,16049,0.25704440609010026,3.3424871922085835,-2.967841182777958,True,64196
14804.703144405798,0.2580223066857748,0.467630381955262,0.2743473113589632,0.9205268951390774,0.845473238207988,0.6576110661100381,0.638953841714394,,,,,,2.459028012966999,2,basic,0.19264055497478694,,anchored_gmm,holdout,6.823554421768708,2.0,0.09502149666645897,1923,123.11139564660691,42,0.48352247175893176,0.3842953718148726,holdout__basic__anchored_gmm__seed42,9.94978301301922,5.0,0.04342949716493239,1184,75.80025608194622,16049,0.07227451082966468,3.0863910048035916,-3.0797597932240266,True,64196
14694.622214457915,0.26786715683220136,0.47174278771263006,0.2603900554551685,0.9209881205579301,0.843417035329304,0.6611003800859867,0.6367396403749502,,,,,,2.469557308739207,2,basic,0.46498288901057094,,anchored_gmm,holdout,6.800423728813559,2.0,0.09514611502274285,1931,123.6235595390525,43,0.4880593824698428,0.38270326255826004,holdout__basic__anchored_gmm__seed43,9.900678593460826,5.0,0.04430182565891956,1192,76.3124199743918,16049,0.1538120147524113,3.165344615434492,-3.0272089828809245,True,64196
15023.175170061975,0.2566515047666521,0.46831578291482334,0.2750327123185245,0.9204703506059563,0.8452863106735622,0.6577979936444638,0.6358708589218032,,,,,,2.460769730348247,2,basic,0.19241794501431286,,anchored_gmm,holdout,6.817757009345795,2.0,0.09514611502274285,1925,123.2394366197183,44,0.4866966633770029,0.3849350649350649,holdout__basic__anchored_gmm__seed44,9.94978301301922,5.0,0.04361642469935822,1184,75.80025608194622,16049,0.06480766342740388,3.0830639606763857,-3.0874542914687493,True,64196
15284.40392229792,0.31042432550314664,0.45828400523397095,0.23129166926288242,0.9220030739793934,0.8441647454670073,0.6656489500903483,0.6345728977773389,,,,,,2.451597463535077,2,basic,1.272110246005468,,gmm,holdout,6.673180873180873,2.0,0.09632998940743971,1976,126.5044814340589,42,0.4935782618995227,0.3992914979757085,holdout__basic__gmm__seed42,9.931311881188119,4.0,0.0452987725091906,1187,75.99231754161332,16049,0.4080132162440753,3.336152904359149,-2.811365373799715,True,64196
15106.1249717898,0.3108604897501402,0.4584709327683968,0.23066857748146302,0.9220261034435003,0.8446632188921428,0.6660851143373419,0.6327898233819403,,,,,,2.451925109053312,2,basic,0.8469842820195481,,gmm,holdout,6.678734914689971,2.0,0.0961430618730139,1974,126.3764404609475,43,0.4971220394320161,0.39817629179331315,holdout__basic__gmm__seed43,9.92517006802721,4.0,0.045423390865474485,1188,76.05633802816901,16049,0.41205242408869425,3.3391669954723295,-2.8091728722182845,True,64196
15640.196180227287,0.31042432550314664,0.4581593868776871,0.2314162876191663,0.9220013135567993,0.8441024362888654,0.6657112592684903,0.6281627450186821,,,,,,2.451221848048066,2,basic,0.8830090990522876,,gmm,holdout,6.673180873180873,2.0,0.09632998940743971,1976,126.5044814340589,44,0.4991104689575138,0.3992914979757085,holdout__basic__gmm__seed44,9.931311881188119,4.0,0.0452987725091906,1187,75.99231754161332,16049,0.40769251061516115,3.3352110274375484,-2.811365373799715,True,64196
15333.443089880635,0.3307994267555611,0.46999813072465574,0.19920244251978317,0.9109204575576452,0.8222319147610443,0.6255841485450807,0.62079442196218,,,,,,2.501699531531705,2,basic,0.8074668080080301,,kmeans,holdout,6.7206867671691795,3.0,0.09146987351236838,1959,125.41613316261204,42,0.49751314742966324,0.4160285860132722,holdout__basic__kmeans__seed42,10.202797202797203,4.0,0.043491806343074334,1144,73.2394366197183,16049,0.5787441823646187,3.5642148172268358,-2.7089372092794046,True,64196
15185.143666985805,0.3293663156582965,0.47105738675306874,0.1995762975886348,0.9108257548282819,0.8221072964047604,0.6245872016948096,0.6185634370008568,,,,,,2.5036323931593985,2,basic,0.8474121529143304,,kmeans,holdout,6.737615449202351,3.0,0.09041061748395539,1953,125.03201024327785,43,0.501138506920723,0.4137224782386073,holdout__basic__kmeans__seed43,10.196315120711564,4.0,0.043491806343074334,1145,73.30345710627401,16049,0.572343265609175,3.5619155361778705,-2.7160832493751275,True,64196
15619.226449469958,0.3307994267555611,0.4701227490809396,0.19907782416349928,0.9109162191173429,0.8221696055829023,0.6255218393669387,0.6178960585151245,,,,,,2.5020750712220035,2,basic,0.36042399890720844,,kmeans,holdout,6.726320201173512,3.0,0.09128294597794255,1957,125.28809218950065,44,0.5014933119054966,0.4154317833418498,holdout__basic__kmeans__seed44,10.202797202797203,4.0,0.043491806343074334,1144,73.2394366197183,16049,0.5791367935987248,3.565156504083923,-2.7089372092794046,True,64196
3195.2164258475723,0.2527260265437099,0.3771574552931647,0.3701165181631254,0.987396206426288,0.9742040002492367,0.9469125802230669,1.4157390545205455,,,,,,2.2024453990894077,19,physical,1.1074975369265303,,anchored_gmm,holdout,8.064824120603015,3.0,0.07059629883481837,1561,99.93597951344431,42,0.21257493899305432,0.23446508648302367,holdout__physical__anchored_gmm__seed42,9.882389162561577,5.0,0.047105738675306874,1195,76.5044814340589,16049,-0.06364861929807648,2.4173745346652744,-3.1053809539236488,True,64196
3418.139126502631,0.2607016013458783,0.43865661411925977,0.300641784534862,0.9834440065585182,0.9660414979126425,0.9292167736307558,1.3602157415256793,,,,,,2.405095451804192,19,physical,1.0911623389692977,,anchored_gmm,holdout,6.751787968026925,2.0,0.09470995077574927,1948,124.71190781049935,43,0.2509188439389949,0.24332648870636542,holdout__physical__anchored_gmm__seed43,8.433526011560694,4.0,0.0610629945791015,1474,94.36619718309859,16049,-0.008571591136163289,2.960616469360912,-3.0702954036524033,True,64196
3230.6678656847316,0.25247678983114213,0.3772197644713066,0.37030344569755125,0.9874275209066069,0.9748270920306561,0.9466010343323572,1.4104851687834306,,,,,,2.202818772464973,19,physical,0.8054881149437279,,anchored_gmm,holdout,8.056726907630521,3.0,0.07084553554738612,1563,100.06402048655569,44,0.21423319361120477,0.23480486244401788,holdout__physical__anchored_gmm__seed44,9.876307692307693,5.0,0.04723035703159075,1196,76.5685019206146,16049,-0.06547808838809384,2.4169002286242676,-3.1067915146659297,True,64196
3195.951854067947,0.25309988161256153,0.37734438282759053,0.36955573555984794,0.987333001923312,0.9743286186055206,0.9468502710449249,1.415821886885718,,,,,,2.201761155466796,19,physical,3.5665099839679897,,gmm,holdout,8.10965133906013,3.0,0.06935011527197957,1550,99.23175416133162,42,0.21268535077605594,0.22838709677419355,holdout__physical__gmm__seed42,9.876307692307693,5.0,0.04704342949716493,1196,76.5685019206146,16049,-0.059209774047895056,2.418047851992097,-3.1029918572981097,True,64196
3143.2386793106016,0.25309988161256153,0.37734438282759053,0.36955573555984794,0.9873337441428839,0.9742663094273787,0.9467879618667829,1.4272089904297571,,,,,,2.201761155466796,19,physical,3.6328204149613157,,gmm,holdout,8.10965133906013,3.0,0.06935011527197957,1550,99.23175416133162,43,0.21376301010717225,0.22838709677419355,holdout__physical__gmm__seed43,9.876307692307693,5.0,0.04704342949716493,1196,76.5685019206146,16049,-0.059209774047895056,2.418047851992097,-3.1029918572981097,True,64196
3232.189883960418,0.25309988161256153,0.37734438282759053,0.36955573555984794,0.987333744142884,0.9742663094273787,0.9467879618667829,1.4110765437585737,,,,,,2.201761155466796,19,physical,5.116480780066922,,gmm,holdout,8.10965133906013,3.0,0.06935011527197957,1550,99.23175416133162,44,0.21414107450576825,0.22838709677419355,holdout__physical__gmm__seed44,9.876307692307693,5.0,0.04704342949716493,1196,76.5685019206146,16049,-0.059209774047895056,2.418047851992097,-3.1029918572981097,True,64196
3655.0644399932485,0.2941616300081002,0.4607763723596486,0.24506199763225123,0.7399055577255007,0.3127297650943984,0.09377531310362017,1.2943357985397543,,,,,,2.439261823489356,19,physical,2.0615072019863874,,kmeans,holdout,7.060712714474263,3.0,0.08181195090036762,1844,118.05377720870679,42,0.2813772929663186,0.6973969631236443,holdout__physical__kmeans__seed42,16.260385005065856,10.0,0.01227490809396224,558,35.723431498079385,16049,0.2718664511118359,3.2637467580370663,-2.852839210155826,True,64196
3595.0069730759747,0.2938500841173905,0.4605271356470808,0.2456227802355287,0.7396588269623222,0.3113589631752757,0.09358838556919434,1.2989038657904413,,,,,,2.438352261977273,19,physical,1.5124729649396613,,kmeans,holdout,7.066930867459269,3.0,0.08206118761293539,1842,117.9257362355954,43,0.2804855717226191,0.6948968512486428,holdout__physical__kmeans__seed43,16.194752774974774,10.0,0.012524144806530002,562,35.97951344430218,16049,0.2693588285785228,3.2597305007992414,-2.8545746908372176,True,64196
3688.0718305155483,0.29378777493924857,0.4602155897563711,0.24599663530438035,0.7396692935540832,0.3116705090659854,0.09358838556919434,1.2930592616467027,,,,,,2.4375118075348885,19,physical,1.679321026080288,,kmeans,holdout,7.066930867459269,3.0,0.08218580596921926,1842,117.9257362355954,44,0.28152991631629165,0.6948968512486428,holdout__physical__kmeans__seed44,16.194752774974774,10.0,0.012524144806530002,562,35.97951344430218,16049,0.2678470413124325,3.2574406586437816,-2.854757046293345,True,64196
1767.1060299338972,0.2864352919184996,0.25777306997320704,0.4557916381082934,0.9900261639792424,0.980123372172721,0.9590628699607452,2.1167912328003493,0.9581905414667581,0.9607034351702394,0.16926801996305585,0.9578863565426383,81,1.4560700148218966,26,physical_temporal,2.01358505198732,,anchored_gmm,holdout,10.699333333333334,6.0,0.027166801669885974,1071,68.56594110115238,42,0.2606472455877949,0.36881419234360413,holdout__physical_temporal__anchored_gmm__seed42,14.523981900452489,9.0,0.005670135210916568,676,43.27784891165173,16049,0.4165001184041681,1.3801138008059202,-2.27106350849406,True,64196
1732.1494081774147,0.2795189731447442,0.26799177518848527,0.4524892516667705,0.9900113854286878,0.9804349180634307,0.9573182129727709,2.1137305696472732,0.9594990342077389,0.9619690968085557,0.361412619240582,0.9595078412112449,81,1.4496429391533132,26,physical_temporal,1.1269020719919354,,anchored_gmm,holdout,10.917687074829932,6.0,0.027042183313602093,1041,66.64532650448143,43,0.25441373017955976,0.39000960614793456,holdout__physical_temporal__anchored_gmm__seed43,15.083646616541353,10.0,0.005171661785781045,635,40.65300896286812,16049,0.5110872017568969,1.3182850134216988,-2.316776042808434,True,64196
1787.4116430802246,0.2795189731447442,0.26799177518848527,0.4524892516667705,0.9900113854286878,0.9804349180634307,0.9573182129727709,2.1155601179699266,0.9594990342077389,0.9619690968085557,0.2616042015142739,0.9595078412112449,81,1.4496429391533132,26,physical_temporal,1.2406263259472325,,anchored_gmm,holdout,10.917687074829932,6.0,0.027042183313602093,1041,66.64532650448143,44,0.2584445451400347,0.39000960614793456,holdout__physical_temporal__anchored_gmm__seed44,15.083646616541353,10.0,0.005171661785781045,635,40.65300896286812,16049,0.5110872017568969,1.3182850134216988,-2.316776042808434,True,64196
1767.2508269185792,0.28662221945292543,0.25777306997320704,0.45560471057386753,0.990021789313818,0.9798741354601532,0.959312106673313,2.116745496603798,,,,,,1.4558599821568732,26,physical_temporal,9.355628021992743,,gmm,holdout,10.713618157543392,6.0,0.027229110848027916,1069,68.43790012804098,42,0.2606513087682104,0.36763330215154355,holdout__physical_temporal__gmm__seed42,14.523981900452489,9.0,0.005670135210916568,676,43.27784891165173,16049,0.4165001184041681,1.3808299572793314,-2.2698206833213828,True,64196
1747.74368741684,0.2864976010966415,0.25777306997320704,0.4557293289301514,0.9900239321455788,0.9799364446382952,0.959187488317029,2.1160033059999326,,,,,,1.4559236456881641,26,physical_temporal,9.645547857042402,,gmm,holdout,10.699333333333334,6.0,0.027166801669885974,1071,68.56594110115238,43,0.2577632950419927,0.36881419234360413,holdout__physical_temporal__gmm__seed43,14.523981900452489,9.0,0.005670135210916568,676,43.27784891165173,16049,0.4165001184041681,1.3802786412016048,-2.2705316392780395,True,64196
1798.1488036148387,0.2865599102747835,0.25777306997320704,0.45566701975200946,0.9900238689562104,0.9799364446382952,0.959187488317029,2.1222114298670207,,,,,,1.455899157788867,26,physical_temporal,9.10627371398732,,gmm,holdout,10.699333333333334,6.0,0.027291420026169855,1071,68.56594110115238,44,0.2620333237890925,0.36881419234360413,holdout__physical_temporal__gmm__seed44,14.523981900452489,9.0,0.005670135210916568,676,43.27784891165173,16049,0.4165001184041681,1.3805614156884,-2.2701874600089496,True,64196
3287.1967052777077,0.05371051155835255,0.4156645273848838,0.5306249610567637,0.787536637972875,0.5339896566764284,0.11396348682160883,1.0899446274310918,,,,,,1.8401844078448348,26,physical_temporal,3.4606796039734036,,kmeans,holdout,11.455389007851535,5.0,0.06922549691569568,972,62.22791293213828,42,0.3207330384801733,0.37037037037037024,holdout__physical_temporal__kmeans__seed42,15.416906820365034,9.0,0.05395974827092031,612,39.18053777208707,16049,-1.953418985821988,1.9606905304783842,-2.653675184395921,True,64196
3229.6239520755166,0.053835129914636425,0.4149791264253225,0.5311857436600411,0.7879051762671058,0.5348619851704156,0.11464888778117016,1.1053047794246789,,,,,,1.8332569081027794,26,physical_temporal,1.9791539289290085,,kmeans,holdout,11.47997138769671,5.0,0.06885164184684404,969,62.035851472471194,43,0.3176903744536246,0.37151702786377705,holdout__physical_temporal__kmeans__seed43,15.461464354527939,9.0,0.053835129914636425,609,38.98847631241998,16049,-1.956650948258641,1.9577817831043787,-2.6392128372408847,True,64196
3275.929722342617,0.053835129914636425,0.41485450806903856,0.531310362016325,0.7879049983937082,0.5349242943485576,0.11464888778117016,1.088028754472818,,,,,,1.8330396540657568,26,physical_temporal,3.2464717449620366,,kmeans,holdout,11.47997138769671,5.0,0.06897626020312791,969,62.035851472471194,44,0.32450707124344935,0.37151702786377705,holdout__physical_temporal__kmeans__seed44,15.461464354527939,9.0,0.053835129914636425,609,38.98847631241998,16049,-1.9571291030475633,1.9572370064094005,-2.6392128372408847,True,64196
